{"chunk_definitions":[{"row":15,"row_count":1,"visible":true,"expansion_state":0,"options":{"engine":"r","message":false,"label":"unnamed-chunk-1"},"document_id":"4A6B840D","chunk_id":"coysq9h1615d2","chunk_label":"unnamed-chunk-1"},{"row":23,"row_count":1,"visible":true,"expansion_state":0,"options":{"engine":"r","message":false,"label":"unnamed-chunk-2"},"document_id":"4A6B840D","chunk_id":"c2e5qs8m33wrz","chunk_label":"unnamed-chunk-2"},{"row":41,"row_count":1,"visible":true,"expansion_state":0,"options":{"engine":"r","message":false,"echo":false,"label":"unnamed-chunk-7"},"document_id":"4A6B840D","chunk_id":"clpwa5jy5h8t1","chunk_label":"unnamed-chunk-4"},{"row":76,"row_count":1,"visible":true,"expansion_state":0,"options":{"engine":"r","label":"unnamed-chunk-11"},"document_id":"4A6B840D","chunk_id":"c2jbevtcz8vj8","chunk_label":"unnamed-chunk-7"},{"row":94,"row_count":1,"visible":true,"expansion_state":0,"options":{"engine":"r","label":"unnamed-chunk-17"},"document_id":"4A6B840D","chunk_id":"cjkfcpalrbu51","chunk_label":"unnamed-chunk-9"}],"doc_write_time":1698140415}